{"type": "metrics", "dataset": "train", "precision": 0.9477756286266924, "balanced_accuracy": 0.8061197381754444, "recall": 0.6222222222222222, "f1_score": 0.7512456880030663}
{"type": "metrics", "dataset": "test", "precision": 0.6593406593406593, "balanced_accuracy": 0.6761283802598861, "recall": 0.4092339979013641, "f1_score": 0.5050178051149239}
{"type": "cm_matrix", "dataset": "train", "true_0": {"predicted_0": 16066, "predicted_1": 162}, "true_1": {"predicted_0": 1785, "predicted_1": 2940}}
{"type": "cm_matrix", "dataset": "test", "true_0": {"predicted_0": 6670, "predicted_1": 403}, "true_1": {"predicted_0": 1126, "predicted_1": 780}}