{"type": "metrics", "dataset": "train", "precision": 0.9478147423352903, "balanced_accuracy": 0.8025834764656554, "recall": 0.615026455026455, "f1_score": 0.7459889616223848}
{"type": "metrics", "dataset": "test", "precision": 0.6592844974446337, "balanced_accuracy": 0.6747664774294277, "recall": 0.4060860440713536, "f1_score": 0.5025974025974026}
{"type": "cm_matrix", "dataset": "train", "true_0": {"predicted_0": 16068, "predicted_1": 160}, "true_1": {"predicted_0": 1819, "predicted_1": 2906}}
{"type": "cm_matrix", "dataset": "test", "true_0": {"predicted_0": 6673, "predicted_1": 400}, "true_1": {"predicted_0": 1132, "predicted_1": 774}}