{"dataset": "train", "precision": 0.9995742869306088, "balanced_accuracy": 0.9966595131869853, "recall": 0.9934419293420774, "f1_score": 0.9964986737400531}{"dataset": "test", "precision": 0.6487845766974015, "balanced_accuracy": 0.6731794462158814, "recall": 0.40544787847040337, "f1_score": 0.4990328820116054}{"type": "cm_matrix", "dataset": "train", "true_0": {"predicted_0": 16271, "predicted_1": 2}, "true_1": {"predicted_0": 31, "predicted_1": 4696}}{"type": "cm_matrix", "dataset": "test", "true_0": {"predicted_0": 6672, "predicted_1": 419}, "true_1": {"predicted_0": 1135, "predicted_1": 774}}