{"type": "metrics", "dataset": "train", "precision": 0.9442282749675746, "balanced_accuracy": 0.8028486657720082, "recall": 0.6162962962962963, "f1_score": 0.7458061211422717}
{"type": "metrics", "dataset": "test", "precision": 0.6572649572649573, "balanced_accuracy": 0.673384138638741, "recall": 0.40346274921301156, "f1_score": 0.5}
{"type": "cm_matrix", "dataset": "train", "true_0": {"predicted_0": 16056, "predicted_1": 172}, "true_1": {"predicted_0": 1813, "predicted_1": 2912}}
{"type": "cm_matrix", "dataset": "test", "true_0": {"predicted_0": 6672, "predicted_1": 401}, "true_1": {"predicted_0": 1137, "predicted_1": 769}}